title;description
Tarea 1;Descripción Tarea 1
Tarea 2;Descripción Tarea 2
Tarea 3;Descripción Tarea 3
Tarea 4;Descripción Tarea 4
Tarea 5;Descripción Tarea 5
Tarea 6;Descripción Tarea 6
Tarea 7;Descripción Tarea 7
Tarea 8;Descripción Tarea 8
Tarea 9;Descripción Tarea 9
Tarea 10;Descripción Tarea 10
Tarea 11;Descripción Tarea 11
Tarea 12;Descripción Tarea 12
Tarea 13;Descripción Tarea 13
Tarea 14;Descripción Tarea 14
Tarea 15;Descripción Tarea 15
Tarea 16;Descripción Tarea 16
Tarea 17;Descripción Tarea 17
Tarea 18;Descripción Tarea 18
Tarea 19;Descripción Tarea 19
Tarea 20;Descripción Tarea 20
Tarea 21;Descripción Tarea 21
Tarea 22;Descripción Tarea 22
Tarea 23;Descripción Tarea 23
Tarea 24;Descripción Tarea 24
Tarea 25;Descripción Tarea 25
Tarea 26;Descripción Tarea 26
Tarea 27;Descripción Tarea 27
Tarea 28;Descripción Tarea 28
Tarea 29;Descripción Tarea 29
Tarea 30;Descripción Tarea 30
Tarea 31;Descripción Tarea 31
Tarea 32;Descripción Tarea 32
Tarea 33;Descripción Tarea 33
Tarea 34;Descripción Tarea 34
Tarea 35;Descripción Tarea 35
Tarea 36;Descripción Tarea 36
Tarea 37;Descripción Tarea 37
Tarea 38;Descripción Tarea 38
Tarea 39;Descripción Tarea 39
Tarea 40;Descripción Tarea 40
Tarea 41;Descripción Tarea 41
Tarea 42;Descripción Tarea 42
Tarea 43;Descripción Tarea 43
Tarea 44;Descripción Tarea 44
Tarea 45;Descripción Tarea 45
Tarea 46;Descripción Tarea 46
Tarea 47;Descripción Tarea 47
Tarea 48;Descripción Tarea 48
Tarea 49;Descripción Tarea 49
Tarea 50;Descripción Tarea 50
Tarea 51;Descripción Tarea 51
Tarea 52;Descripción Tarea 52
Tarea 53;Descripción Tarea 53
Tarea 54;Descripción Tarea 54
Tarea 55;Descripción Tarea 55
Tarea 56;Descripción Tarea 56
Tarea 57;Descripción Tarea 57
Tarea 58;Descripción Tarea 58
Tarea 59;Descripción Tarea 59
Tarea 60;Descripción Tarea 60
Tarea 61;Descripción Tarea 61
Tarea 62;Descripción Tarea 62
Tarea 63;Descripción Tarea 63
Tarea 64;Descripción Tarea 64
Tarea 65;Descripción Tarea 65
Tarea 66;Descripción Tarea 66
Tarea 67;Descripción Tarea 67
Tarea 68;Descripción Tarea 68
Tarea 69;Descripción Tarea 69
Tarea 70;Descripción Tarea 70
Tarea 71;Descripción Tarea 71
Tarea 72;Descripción Tarea 72
Tarea 73;Descripción Tarea 73
Tarea 74;Descripción Tarea 74
Tarea 75;Descripción Tarea 75
Tarea 76;Descripción Tarea 76
Tarea 77;Descripción Tarea 77
Tarea 78;Descripción Tarea 78
Tarea 79;Descripción Tarea 79
Tarea 80;Descripción Tarea 80
Tarea 81;Descripción Tarea 81
Tarea 82;Descripción Tarea 82
Tarea 83;Descripción Tarea 83
Tarea 84;Descripción Tarea 84
Tarea 85;Descripción Tarea 85
Tarea 86;Descripción Tarea 86
Tarea 87;Descripción Tarea 87
Tarea 88;Descripción Tarea 88
Tarea 89;Descripción Tarea 89
Tarea 90;Descripción Tarea 90
Tarea 91;Descripción Tarea 91
Tarea 92;Descripción Tarea 92
Tarea 93;Descripción Tarea 93
Tarea 94;Descripción Tarea 94
Tarea 95;Descripción Tarea 95
Tarea 96;Descripción Tarea 96
Tarea 97;Descripción Tarea 97
Tarea 98;Descripción Tarea 98
Tarea 99;Descripción Tarea 99
Tarea 100;Descripción Tarea 100
Tarea 101;Descripción Tarea 101
Tarea 102;Descripción Tarea 102
Tarea 103;Descripción Tarea 103
Tarea 104;Descripción Tarea 104
Tarea 105;Descripción Tarea 105
Tarea 106;Descripción Tarea 106
Tarea 107;Descripción Tarea 107
Tarea 108;Descripción Tarea 108
Tarea 109;Descripción Tarea 109
Tarea 110;Descripción Tarea 110
Tarea 111;Descripción Tarea 111
Tarea 112;Descripción Tarea 112
Tarea 113;Descripción Tarea 113
Tarea 114;Descripción Tarea 114
Tarea 115;Descripción Tarea 115
Tarea 116;Descripción Tarea 116
Tarea 117;Descripción Tarea 117
Tarea 118;Descripción Tarea 118
Tarea 119;Descripción Tarea 119
Tarea 120;Descripción Tarea 120
Tarea 121;Descripción Tarea 121
Tarea 122;Descripción Tarea 122
Tarea 123;Descripción Tarea 123
Tarea 124;Descripción Tarea 124
Tarea 125;Descripción Tarea 125
Tarea 126;Descripción Tarea 126
Tarea 127;Descripción Tarea 127
Tarea 128;Descripción Tarea 128
Tarea 129;Descripción Tarea 129
Tarea 130;Descripción Tarea 130
Tarea 131;Descripción Tarea 131
Tarea 132;Descripción Tarea 132
Tarea 133;Descripción Tarea 133
Tarea 134;Descripción Tarea 134
Tarea 135;Descripción Tarea 135
Tarea 136;Descripción Tarea 136
Tarea 137;Descripción Tarea 137
Tarea 138;Descripción Tarea 138
Tarea 139;Descripción Tarea 139
Tarea 140;Descripción Tarea 140
Tarea 141;Descripción Tarea 141
Tarea 142;Descripción Tarea 142
Tarea 143;Descripción Tarea 143
Tarea 144;Descripción Tarea 144
Tarea 145;Descripción Tarea 145
Tarea 146;Descripción Tarea 146
Tarea 147;Descripción Tarea 147
Tarea 148;Descripción Tarea 148
Tarea 149;Descripción Tarea 149
Tarea 150;Descripción Tarea 150
Tarea 151;Descripción Tarea 151
Tarea 152;Descripción Tarea 152
Tarea 153;Descripción Tarea 153
Tarea 154;Descripción Tarea 154
Tarea 155;Descripción Tarea 155
Tarea 156;Descripción Tarea 156
Tarea 157;Descripción Tarea 157
Tarea 158;Descripción Tarea 158
Tarea 159;Descripción Tarea 159
Tarea 160;Descripción Tarea 160
Tarea 161;Descripción Tarea 161
Tarea 162;Descripción Tarea 162
Tarea 163;Descripción Tarea 163
Tarea 164;Descripción Tarea 164
Tarea 165;Descripción Tarea 165
Tarea 166;Descripción Tarea 166
Tarea 167;Descripción Tarea 167
Tarea 168;Descripción Tarea 168
Tarea 169;Descripción Tarea 169
Tarea 170;Descripción Tarea 170
Tarea 171;Descripción Tarea 171
Tarea 172;Descripción Tarea 172
Tarea 173;Descripción Tarea 173
Tarea 174;Descripción Tarea 174
Tarea 175;Descripción Tarea 175
Tarea 176;Descripción Tarea 176
Tarea 177;Descripción Tarea 177
Tarea 178;Descripción Tarea 178
Tarea 179;Descripción Tarea 179
Tarea 180;Descripción Tarea 180
Tarea 181;Descripción Tarea 181
Tarea 182;Descripción Tarea 182
Tarea 183;Descripción Tarea 183
Tarea 184;Descripción Tarea 184
Tarea 185;Descripción Tarea 185
Tarea 186;Descripción Tarea 186
Tarea 187;Descripción Tarea 187
Tarea 188;Descripción Tarea 188
Tarea 189;Descripción Tarea 189
Tarea 190;Descripción Tarea 190
Tarea 191;Descripción Tarea 191
Tarea 192;Descripción Tarea 192
Tarea 193;Descripción Tarea 193
Tarea 194;Descripción Tarea 194
Tarea 195;Descripción Tarea 195
Tarea 196;Descripción Tarea 196
Tarea 197;Descripción Tarea 197
Tarea 198;Descripción Tarea 198
Tarea 199;Descripción Tarea 199
Tarea 200;Descripción Tarea 200
Tarea 201;Descripción Tarea 201
Tarea 202;Descripción Tarea 202
Tarea 203;Descripción Tarea 203
Tarea 204;Descripción Tarea 204
Tarea 205;Descripción Tarea 205
Tarea 206;Descripción Tarea 206
Tarea 207;Descripción Tarea 207
Tarea 208;Descripción Tarea 208
Tarea 209;Descripción Tarea 209
Tarea 210;Descripción Tarea 210
Tarea 211;Descripción Tarea 211
Tarea 212;Descripción Tarea 212
Tarea 213;Descripción Tarea 213
Tarea 214;Descripción Tarea 214
Tarea 215;Descripción Tarea 215
Tarea 216;Descripción Tarea 216
Tarea 217;Descripción Tarea 217
Tarea 218;Descripción Tarea 218
Tarea 219;Descripción Tarea 219
Tarea 220;Descripción Tarea 220
Tarea 221;Descripción Tarea 221
Tarea 222;Descripción Tarea 222
Tarea 223;Descripción Tarea 223
Tarea 224;Descripción Tarea 224
Tarea 225;Descripción Tarea 225
Tarea 226;Descripción Tarea 226
Tarea 227;Descripción Tarea 227
Tarea 228;Descripción Tarea 228
Tarea 229;Descripción Tarea 229
Tarea 230;Descripción Tarea 230
Tarea 231;Descripción Tarea 231
Tarea 232;Descripción Tarea 232
Tarea 233;Descripción Tarea 233
Tarea 234;Descripción Tarea 234
Tarea 235;Descripción Tarea 235
Tarea 236;Descripción Tarea 236
Tarea 237;Descripción Tarea 237
Tarea 238;Descripción Tarea 238
Tarea 239;Descripción Tarea 239
Tarea 240;Descripción Tarea 240
Tarea 241;Descripción Tarea 241
Tarea 242;Descripción Tarea 242
Tarea 243;Descripción Tarea 243
Tarea 244;Descripción Tarea 244
Tarea 245;Descripción Tarea 245
Tarea 246;Descripción Tarea 246
Tarea 247;Descripción Tarea 247
Tarea 248;Descripción Tarea 248
Tarea 249;Descripción Tarea 249
Tarea 250;Descripción Tarea 250
Tarea 251;Descripción Tarea 251
Tarea 252;Descripción Tarea 252
Tarea 253;Descripción Tarea 253
Tarea 254;Descripción Tarea 254
Tarea 255;Descripción Tarea 255
Tarea 256;Descripción Tarea 256
Tarea 257;Descripción Tarea 257
Tarea 258;Descripción Tarea 258
Tarea 259;Descripción Tarea 259
Tarea 260;Descripción Tarea 260
Tarea 261;Descripción Tarea 261
Tarea 262;Descripción Tarea 262
Tarea 263;Descripción Tarea 263
Tarea 264;Descripción Tarea 264
Tarea 265;Descripción Tarea 265
Tarea 266;Descripción Tarea 266
Tarea 267;Descripción Tarea 267
Tarea 268;Descripción Tarea 268
Tarea 269;Descripción Tarea 269
Tarea 270;Descripción Tarea 270
Tarea 271;Descripción Tarea 271
Tarea 272;Descripción Tarea 272
Tarea 273;Descripción Tarea 273
Tarea 274;Descripción Tarea 274
Tarea 275;Descripción Tarea 275
Tarea 276;Descripción Tarea 276
Tarea 277;Descripción Tarea 277
Tarea 278;Descripción Tarea 278
Tarea 279;Descripción Tarea 279
Tarea 280;Descripción Tarea 280
Tarea 281;Descripción Tarea 281
Tarea 282;Descripción Tarea 282
Tarea 283;Descripción Tarea 283
Tarea 284;Descripción Tarea 284
Tarea 285;Descripción Tarea 285
Tarea 286;Descripción Tarea 286
Tarea 287;Descripción Tarea 287
Tarea 288;Descripción Tarea 288
Tarea 289;Descripción Tarea 289
Tarea 290;Descripción Tarea 290
Tarea 291;Descripción Tarea 291
Tarea 292;Descripción Tarea 292
Tarea 293;Descripción Tarea 293
Tarea 294;Descripción Tarea 294
Tarea 295;Descripción Tarea 295
Tarea 296;Descripción Tarea 296
Tarea 297;Descripción Tarea 297
Tarea 298;Descripción Tarea 298
Tarea 299;Descripción Tarea 299
Tarea 300;Descripción Tarea 300
Tarea 301;Descripción Tarea 301
Tarea 302;Descripción Tarea 302
Tarea 303;Descripción Tarea 303
Tarea 304;Descripción Tarea 304
Tarea 305;Descripción Tarea 305
Tarea 306;Descripción Tarea 306
Tarea 307;Descripción Tarea 307
Tarea 308;Descripción Tarea 308
Tarea 309;Descripción Tarea 309
Tarea 310;Descripción Tarea 310
Tarea 311;Descripción Tarea 311
Tarea 312;Descripción Tarea 312
Tarea 313;Descripción Tarea 313
Tarea 314;Descripción Tarea 314
Tarea 315;Descripción Tarea 315
Tarea 316;Descripción Tarea 316
Tarea 317;Descripción Tarea 317
Tarea 318;Descripción Tarea 318
Tarea 319;Descripción Tarea 319
Tarea 320;Descripción Tarea 320
Tarea 321;Descripción Tarea 321
Tarea 322;Descripción Tarea 322
Tarea 323;Descripción Tarea 323
Tarea 324;Descripción Tarea 324
Tarea 325;Descripción Tarea 325
Tarea 326;Descripción Tarea 326
Tarea 327;Descripción Tarea 327
Tarea 328;Descripción Tarea 328
Tarea 329;Descripción Tarea 329
Tarea 330;Descripción Tarea 330
Tarea 331;Descripción Tarea 331
Tarea 332;Descripción Tarea 332
Tarea 333;Descripción Tarea 333
Tarea 334;Descripción Tarea 334
Tarea 335;Descripción Tarea 335
Tarea 336;Descripción Tarea 336
Tarea 337;Descripción Tarea 337
Tarea 338;Descripción Tarea 338
Tarea 339;Descripción Tarea 339
Tarea 340;Descripción Tarea 340
Tarea 341;Descripción Tarea 341
Tarea 342;Descripción Tarea 342
Tarea 343;Descripción Tarea 343
Tarea 344;Descripción Tarea 344
Tarea 345;Descripción Tarea 345
Tarea 346;Descripción Tarea 346
Tarea 347;Descripción Tarea 347
Tarea 348;Descripción Tarea 348
Tarea 349;Descripción Tarea 349
Tarea 350;Descripción Tarea 350
Tarea 351;Descripción Tarea 351
Tarea 352;Descripción Tarea 352
Tarea 353;Descripción Tarea 353
Tarea 354;Descripción Tarea 354
Tarea 355;Descripción Tarea 355
Tarea 356;Descripción Tarea 356
Tarea 357;Descripción Tarea 357
Tarea 358;Descripción Tarea 358
Tarea 359;Descripción Tarea 359
Tarea 360;Descripción Tarea 360
Tarea 361;Descripción Tarea 361
Tarea 362;Descripción Tarea 362
Tarea 363;Descripción Tarea 363
Tarea 364;Descripción Tarea 364
Tarea 365;Descripción Tarea 365
Tarea 366;Descripción Tarea 366
Tarea 367;Descripción Tarea 367
Tarea 368;Descripción Tarea 368
Tarea 369;Descripción Tarea 369
Tarea 370;Descripción Tarea 370
Tarea 371;Descripción Tarea 371
Tarea 372;Descripción Tarea 372
Tarea 373;Descripción Tarea 373
Tarea 374;Descripción Tarea 374
Tarea 375;Descripción Tarea 375
Tarea 376;Descripción Tarea 376
Tarea 377;Descripción Tarea 377
Tarea 378;Descripción Tarea 378
Tarea 379;Descripción Tarea 379
Tarea 380;Descripción Tarea 380
Tarea 381;Descripción Tarea 381
Tarea 382;Descripción Tarea 382
Tarea 383;Descripción Tarea 383
Tarea 384;Descripción Tarea 384
Tarea 385;Descripción Tarea 385
Tarea 386;Descripción Tarea 386
Tarea 387;Descripción Tarea 387
Tarea 388;Descripción Tarea 388
Tarea 389;Descripción Tarea 389
Tarea 390;Descripción Tarea 390
Tarea 391;Descripción Tarea 391
Tarea 392;Descripción Tarea 392
Tarea 393;Descripción Tarea 393
Tarea 394;Descripción Tarea 394
Tarea 395;Descripción Tarea 395
Tarea 396;Descripción Tarea 396
Tarea 397;Descripción Tarea 397
Tarea 398;Descripción Tarea 398
Tarea 399;Descripción Tarea 399
Tarea 400;Descripción Tarea 400
Tarea 401;Descripción Tarea 401
Tarea 402;Descripción Tarea 402
Tarea 403;Descripción Tarea 403
Tarea 404;Descripción Tarea 404
Tarea 405;Descripción Tarea 405
Tarea 406;Descripción Tarea 406
Tarea 407;Descripción Tarea 407
Tarea 408;Descripción Tarea 408
Tarea 409;Descripción Tarea 409
Tarea 410;Descripción Tarea 410
Tarea 411;Descripción Tarea 411
Tarea 412;Descripción Tarea 412
Tarea 413;Descripción Tarea 413
Tarea 414;Descripción Tarea 414
Tarea 415;Descripción Tarea 415
Tarea 416;Descripción Tarea 416
Tarea 417;Descripción Tarea 417
Tarea 418;Descripción Tarea 418
Tarea 419;Descripción Tarea 419
Tarea 420;Descripción Tarea 420
Tarea 421;Descripción Tarea 421
Tarea 422;Descripción Tarea 422
Tarea 423;Descripción Tarea 423
Tarea 424;Descripción Tarea 424
Tarea 425;Descripción Tarea 425
Tarea 426;Descripción Tarea 426
Tarea 427;Descripción Tarea 427
Tarea 428;Descripción Tarea 428
Tarea 429;Descripción Tarea 429
Tarea 430;Descripción Tarea 430
Tarea 431;Descripción Tarea 431
Tarea 432;Descripción Tarea 432
Tarea 433;Descripción Tarea 433
Tarea 434;Descripción Tarea 434
Tarea 435;Descripción Tarea 435
Tarea 436;Descripción Tarea 436
Tarea 437;Descripción Tarea 437
Tarea 438;Descripción Tarea 438
Tarea 439;Descripción Tarea 439
Tarea 440;Descripción Tarea 440
Tarea 441;Descripción Tarea 441
Tarea 442;Descripción Tarea 442
Tarea 443;Descripción Tarea 443
Tarea 444;Descripción Tarea 444
Tarea 445;Descripción Tarea 445
Tarea 446;Descripción Tarea 446
Tarea 447;Descripción Tarea 447
Tarea 448;Descripción Tarea 448
Tarea 449;Descripción Tarea 449
Tarea 450;Descripción Tarea 450
Tarea 451;Descripción Tarea 451
Tarea 452;Descripción Tarea 452
Tarea 453;Descripción Tarea 453
Tarea 454;Descripción Tarea 454
Tarea 455;Descripción Tarea 455
Tarea 456;Descripción Tarea 456
Tarea 457;Descripción Tarea 457
Tarea 458;Descripción Tarea 458
Tarea 459;Descripción Tarea 459
Tarea 460;Descripción Tarea 460
Tarea 461;Descripción Tarea 461
Tarea 462;Descripción Tarea 462
Tarea 463;Descripción Tarea 463
Tarea 464;Descripción Tarea 464
Tarea 465;Descripción Tarea 465
Tarea 466;Descripción Tarea 466
Tarea 467;Descripción Tarea 467
Tarea 468;Descripción Tarea 468
Tarea 469;Descripción Tarea 469
Tarea 470;Descripción Tarea 470
Tarea 471;Descripción Tarea 471
Tarea 472;Descripción Tarea 472
Tarea 473;Descripción Tarea 473
Tarea 474;Descripción Tarea 474
Tarea 475;Descripción Tarea 475
Tarea 476;Descripción Tarea 476
Tarea 477;Descripción Tarea 477
Tarea 478;Descripción Tarea 478
Tarea 479;Descripción Tarea 479
Tarea 480;Descripción Tarea 480
Tarea 481;Descripción Tarea 481
Tarea 482;Descripción Tarea 482
Tarea 483;Descripción Tarea 483
Tarea 484;Descripción Tarea 484
Tarea 485;Descripción Tarea 485
Tarea 486;Descripción Tarea 486
Tarea 487;Descripción Tarea 487
Tarea 488;Descripción Tarea 488
Tarea 489;Descripción Tarea 489
Tarea 490;Descripción Tarea 490
Tarea 491;Descripción Tarea 491
Tarea 492;Descripción Tarea 492
Tarea 493;Descripción Tarea 493
Tarea 494;Descripción Tarea 494
Tarea 495;Descripción Tarea 495
Tarea 496;Descripción Tarea 496
Tarea 497;Descripción Tarea 497
Tarea 498;Descripción Tarea 498
Tarea 499;Descripción Tarea 499
Tarea 500;Descripción Tarea 500
Tarea 501;Descripción Tarea 501
Tarea 502;Descripción Tarea 502
Tarea 503;Descripción Tarea 503
Tarea 504;Descripción Tarea 504
Tarea 505;Descripción Tarea 505
Tarea 506;Descripción Tarea 506
Tarea 507;Descripción Tarea 507
Tarea 508;Descripción Tarea 508
Tarea 509;Descripción Tarea 509
Tarea 510;Descripción Tarea 510
Tarea 511;Descripción Tarea 511
Tarea 512;Descripción Tarea 512
Tarea 513;Descripción Tarea 513
Tarea 514;Descripción Tarea 514
Tarea 515;Descripción Tarea 515
Tarea 516;Descripción Tarea 516
Tarea 517;Descripción Tarea 517
Tarea 518;Descripción Tarea 518
Tarea 519;Descripción Tarea 519
Tarea 520;Descripción Tarea 520
Tarea 521;Descripción Tarea 521
Tarea 522;Descripción Tarea 522
Tarea 523;Descripción Tarea 523
Tarea 524;Descripción Tarea 524
Tarea 525;Descripción Tarea 525
Tarea 526;Descripción Tarea 526
Tarea 527;Descripción Tarea 527
Tarea 528;Descripción Tarea 528
Tarea 529;Descripción Tarea 529
Tarea 530;Descripción Tarea 530
Tarea 531;Descripción Tarea 531
Tarea 532;Descripción Tarea 532
Tarea 533;Descripción Tarea 533
Tarea 534;Descripción Tarea 534
Tarea 535;Descripción Tarea 535
Tarea 536;Descripción Tarea 536
Tarea 537;Descripción Tarea 537
Tarea 538;Descripción Tarea 538
Tarea 539;Descripción Tarea 539
Tarea 540;Descripción Tarea 540
Tarea 541;Descripción Tarea 541
Tarea 542;Descripción Tarea 542
Tarea 543;Descripción Tarea 543
Tarea 544;Descripción Tarea 544
Tarea 545;Descripción Tarea 545
Tarea 546;Descripción Tarea 546
Tarea 547;Descripción Tarea 547
Tarea 548;Descripción Tarea 548
Tarea 549;Descripción Tarea 549
Tarea 550;Descripción Tarea 550
Tarea 551;Descripción Tarea 551
Tarea 552;Descripción Tarea 552
Tarea 553;Descripción Tarea 553
Tarea 554;Descripción Tarea 554
Tarea 555;Descripción Tarea 555
Tarea 556;Descripción Tarea 556
Tarea 557;Descripción Tarea 557
Tarea 558;Descripción Tarea 558
Tarea 559;Descripción Tarea 559
Tarea 560;Descripción Tarea 560
Tarea 561;Descripción Tarea 561
Tarea 562;Descripción Tarea 562
Tarea 563;Descripción Tarea 563
Tarea 564;Descripción Tarea 564
Tarea 565;Descripción Tarea 565
Tarea 566;Descripción Tarea 566
Tarea 567;Descripción Tarea 567
Tarea 568;Descripción Tarea 568
Tarea 569;Descripción Tarea 569
Tarea 570;Descripción Tarea 570
Tarea 571;Descripción Tarea 571
Tarea 572;Descripción Tarea 572
Tarea 573;Descripción Tarea 573
Tarea 574;Descripción Tarea 574
Tarea 575;Descripción Tarea 575
Tarea 576;Descripción Tarea 576
Tarea 577;Descripción Tarea 577
Tarea 578;Descripción Tarea 578
Tarea 579;Descripción Tarea 579
Tarea 580;Descripción Tarea 580
Tarea 581;Descripción Tarea 581
Tarea 582;Descripción Tarea 582
Tarea 583;Descripción Tarea 583
Tarea 584;Descripción Tarea 584
Tarea 585;Descripción Tarea 585
Tarea 586;Descripción Tarea 586
Tarea 587;Descripción Tarea 587
Tarea 588;Descripción Tarea 588
Tarea 589;Descripción Tarea 589
Tarea 590;Descripción Tarea 590
Tarea 591;Descripción Tarea 591
Tarea 592;Descripción Tarea 592
Tarea 593;Descripción Tarea 593
Tarea 594;Descripción Tarea 594
Tarea 595;Descripción Tarea 595
Tarea 596;Descripción Tarea 596
Tarea 597;Descripción Tarea 597
Tarea 598;Descripción Tarea 598
Tarea 599;Descripción Tarea 599
Tarea 600;Descripción Tarea 600
Tarea 601;Descripción Tarea 601
Tarea 602;Descripción Tarea 602
Tarea 603;Descripción Tarea 603
Tarea 604;Descripción Tarea 604
Tarea 605;Descripción Tarea 605
Tarea 606;Descripción Tarea 606
Tarea 607;Descripción Tarea 607
Tarea 608;Descripción Tarea 608
Tarea 609;Descripción Tarea 609
Tarea 610;Descripción Tarea 610
Tarea 611;Descripción Tarea 611
Tarea 612;Descripción Tarea 612
Tarea 613;Descripción Tarea 613
Tarea 614;Descripción Tarea 614
Tarea 615;Descripción Tarea 615
Tarea 616;Descripción Tarea 616
Tarea 617;Descripción Tarea 617
Tarea 618;Descripción Tarea 618
Tarea 619;Descripción Tarea 619
Tarea 620;Descripción Tarea 620
Tarea 621;Descripción Tarea 621
Tarea 622;Descripción Tarea 622
Tarea 623;Descripción Tarea 623
Tarea 624;Descripción Tarea 624
Tarea 625;Descripción Tarea 625
Tarea 626;Descripción Tarea 626
Tarea 627;Descripción Tarea 627
Tarea 628;Descripción Tarea 628
Tarea 629;Descripción Tarea 629
Tarea 630;Descripción Tarea 630
Tarea 631;Descripción Tarea 631
Tarea 632;Descripción Tarea 632
Tarea 633;Descripción Tarea 633
Tarea 634;Descripción Tarea 634
Tarea 635;Descripción Tarea 635
Tarea 636;Descripción Tarea 636
Tarea 637;Descripción Tarea 637
Tarea 638;Descripción Tarea 638
Tarea 639;Descripción Tarea 639
Tarea 640;Descripción Tarea 640
Tarea 641;Descripción Tarea 641
Tarea 642;Descripción Tarea 642
Tarea 643;Descripción Tarea 643
Tarea 644;Descripción Tarea 644
Tarea 645;Descripción Tarea 645
Tarea 646;Descripción Tarea 646
Tarea 647;Descripción Tarea 647
Tarea 648;Descripción Tarea 648
Tarea 649;Descripción Tarea 649
Tarea 650;Descripción Tarea 650
Tarea 651;Descripción Tarea 651
Tarea 652;Descripción Tarea 652
Tarea 653;Descripción Tarea 653
Tarea 654;Descripción Tarea 654
Tarea 655;Descripción Tarea 655
Tarea 656;Descripción Tarea 656
Tarea 657;Descripción Tarea 657
Tarea 658;Descripción Tarea 658
Tarea 659;Descripción Tarea 659
Tarea 660;Descripción Tarea 660
Tarea 661;Descripción Tarea 661
Tarea 662;Descripción Tarea 662
Tarea 663;Descripción Tarea 663
Tarea 664;Descripción Tarea 664
Tarea 665;Descripción Tarea 665
Tarea 666;Descripción Tarea 666
Tarea 667;Descripción Tarea 667
Tarea 668;Descripción Tarea 668
Tarea 669;Descripción Tarea 669
Tarea 670;Descripción Tarea 670
Tarea 671;Descripción Tarea 671
Tarea 672;Descripción Tarea 672
Tarea 673;Descripción Tarea 673
Tarea 674;Descripción Tarea 674
Tarea 675;Descripción Tarea 675
Tarea 676;Descripción Tarea 676
Tarea 677;Descripción Tarea 677
Tarea 678;Descripción Tarea 678
Tarea 679;Descripción Tarea 679
Tarea 680;Descripción Tarea 680
Tarea 681;Descripción Tarea 681
Tarea 682;Descripción Tarea 682
Tarea 683;Descripción Tarea 683
Tarea 684;Descripción Tarea 684
Tarea 685;Descripción Tarea 685
Tarea 686;Descripción Tarea 686
Tarea 687;Descripción Tarea 687
Tarea 688;Descripción Tarea 688
Tarea 689;Descripción Tarea 689
Tarea 690;Descripción Tarea 690
Tarea 691;Descripción Tarea 691
Tarea 692;Descripción Tarea 692
Tarea 693;Descripción Tarea 693
Tarea 694;Descripción Tarea 694
Tarea 695;Descripción Tarea 695
Tarea 696;Descripción Tarea 696
Tarea 697;Descripción Tarea 697
Tarea 698;Descripción Tarea 698
Tarea 699;Descripción Tarea 699
Tarea 700;Descripción Tarea 700
Tarea 701;Descripción Tarea 701
Tarea 702;Descripción Tarea 702
Tarea 703;Descripción Tarea 703
Tarea 704;Descripción Tarea 704
Tarea 705;Descripción Tarea 705
Tarea 706;Descripción Tarea 706
Tarea 707;Descripción Tarea 707
Tarea 708;Descripción Tarea 708
Tarea 709;Descripción Tarea 709
Tarea 710;Descripción Tarea 710
Tarea 711;Descripción Tarea 711
Tarea 712;Descripción Tarea 712
Tarea 713;Descripción Tarea 713
Tarea 714;Descripción Tarea 714
Tarea 715;Descripción Tarea 715
Tarea 716;Descripción Tarea 716
Tarea 717;Descripción Tarea 717
Tarea 718;Descripción Tarea 718
Tarea 719;Descripción Tarea 719
Tarea 720;Descripción Tarea 720
Tarea 721;Descripción Tarea 721
Tarea 722;Descripción Tarea 722
Tarea 723;Descripción Tarea 723
Tarea 724;Descripción Tarea 724
Tarea 725;Descripción Tarea 725
Tarea 726;Descripción Tarea 726
Tarea 727;Descripción Tarea 727
Tarea 728;Descripción Tarea 728
Tarea 729;Descripción Tarea 729
Tarea 730;Descripción Tarea 730
Tarea 731;Descripción Tarea 731
Tarea 732;Descripción Tarea 732
Tarea 733;Descripción Tarea 733
Tarea 734;Descripción Tarea 734
Tarea 735;Descripción Tarea 735
Tarea 736;Descripción Tarea 736
Tarea 737;Descripción Tarea 737
Tarea 738;Descripción Tarea 738
Tarea 739;Descripción Tarea 739
Tarea 740;Descripción Tarea 740
Tarea 741;Descripción Tarea 741
Tarea 742;Descripción Tarea 742
Tarea 743;Descripción Tarea 743
Tarea 744;Descripción Tarea 744
Tarea 745;Descripción Tarea 745
Tarea 746;Descripción Tarea 746
Tarea 747;Descripción Tarea 747
Tarea 748;Descripción Tarea 748
Tarea 749;Descripción Tarea 749
Tarea 750;Descripción Tarea 750
Tarea 751;Descripción Tarea 751
Tarea 752;Descripción Tarea 752
Tarea 753;Descripción Tarea 753
Tarea 754;Descripción Tarea 754
Tarea 755;Descripción Tarea 755
Tarea 756;Descripción Tarea 756
Tarea 757;Descripción Tarea 757
Tarea 758;Descripción Tarea 758
Tarea 759;Descripción Tarea 759
Tarea 760;Descripción Tarea 760
Tarea 761;Descripción Tarea 761
Tarea 762;Descripción Tarea 762
Tarea 763;Descripción Tarea 763
Tarea 764;Descripción Tarea 764
Tarea 765;Descripción Tarea 765
Tarea 766;Descripción Tarea 766
Tarea 767;Descripción Tarea 767
Tarea 768;Descripción Tarea 768
Tarea 769;Descripción Tarea 769
Tarea 770;Descripción Tarea 770
Tarea 771;Descripción Tarea 771
Tarea 772;Descripción Tarea 772
Tarea 773;Descripción Tarea 773
Tarea 774;Descripción Tarea 774
Tarea 775;Descripción Tarea 775
Tarea 776;Descripción Tarea 776
Tarea 777;Descripción Tarea 777
Tarea 778;Descripción Tarea 778
Tarea 779;Descripción Tarea 779
Tarea 780;Descripción Tarea 780
Tarea 781;Descripción Tarea 781
Tarea 782;Descripción Tarea 782
Tarea 783;Descripción Tarea 783
Tarea 784;Descripción Tarea 784
Tarea 785;Descripción Tarea 785
Tarea 786;Descripción Tarea 786
Tarea 787;Descripción Tarea 787
Tarea 788;Descripción Tarea 788
Tarea 789;Descripción Tarea 789
Tarea 790;Descripción Tarea 790
Tarea 791;Descripción Tarea 791
Tarea 792;Descripción Tarea 792
Tarea 793;Descripción Tarea 793
Tarea 794;Descripción Tarea 794
Tarea 795;Descripción Tarea 795
Tarea 796;Descripción Tarea 796
Tarea 797;Descripción Tarea 797
Tarea 798;Descripción Tarea 798
Tarea 799;Descripción Tarea 799
Tarea 800;Descripción Tarea 800
Tarea 801;Descripción Tarea 801
Tarea 802;Descripción Tarea 802
Tarea 803;Descripción Tarea 803
Tarea 804;Descripción Tarea 804
Tarea 805;Descripción Tarea 805
Tarea 806;Descripción Tarea 806
Tarea 807;Descripción Tarea 807
Tarea 808;Descripción Tarea 808
Tarea 809;Descripción Tarea 809
Tarea 810;Descripción Tarea 810
Tarea 811;Descripción Tarea 811
Tarea 812;Descripción Tarea 812
Tarea 813;Descripción Tarea 813
Tarea 814;Descripción Tarea 814
Tarea 815;Descripción Tarea 815
Tarea 816;Descripción Tarea 816
Tarea 817;Descripción Tarea 817
Tarea 818;Descripción Tarea 818
Tarea 819;Descripción Tarea 819
Tarea 820;Descripción Tarea 820
Tarea 821;Descripción Tarea 821
Tarea 822;Descripción Tarea 822
Tarea 823;Descripción Tarea 823
Tarea 824;Descripción Tarea 824
Tarea 825;Descripción Tarea 825
Tarea 826;Descripción Tarea 826
Tarea 827;Descripción Tarea 827
Tarea 828;Descripción Tarea 828
Tarea 829;Descripción Tarea 829
Tarea 830;Descripción Tarea 830
Tarea 831;Descripción Tarea 831
Tarea 832;Descripción Tarea 832
Tarea 833;Descripción Tarea 833
Tarea 834;Descripción Tarea 834
Tarea 835;Descripción Tarea 835
Tarea 836;Descripción Tarea 836
Tarea 837;Descripción Tarea 837
Tarea 838;Descripción Tarea 838
Tarea 839;Descripción Tarea 839
Tarea 840;Descripción Tarea 840
Tarea 841;Descripción Tarea 841
Tarea 842;Descripción Tarea 842
Tarea 843;Descripción Tarea 843
Tarea 844;Descripción Tarea 844
Tarea 845;Descripción Tarea 845
Tarea 846;Descripción Tarea 846
Tarea 847;Descripción Tarea 847
Tarea 848;Descripción Tarea 848
Tarea 849;Descripción Tarea 849
Tarea 850;Descripción Tarea 850
Tarea 851;Descripción Tarea 851
Tarea 852;Descripción Tarea 852
Tarea 853;Descripción Tarea 853
Tarea 854;Descripción Tarea 854
Tarea 855;Descripción Tarea 855
Tarea 856;Descripción Tarea 856
Tarea 857;Descripción Tarea 857
Tarea 858;Descripción Tarea 858
Tarea 859;Descripción Tarea 859
Tarea 860;Descripción Tarea 860
Tarea 861;Descripción Tarea 861
Tarea 862;Descripción Tarea 862
Tarea 863;Descripción Tarea 863
Tarea 864;Descripción Tarea 864
Tarea 865;Descripción Tarea 865
Tarea 866;Descripción Tarea 866
Tarea 867;Descripción Tarea 867
Tarea 868;Descripción Tarea 868
Tarea 869;Descripción Tarea 869
Tarea 870;Descripción Tarea 870
Tarea 871;Descripción Tarea 871
Tarea 872;Descripción Tarea 872
Tarea 873;Descripción Tarea 873
Tarea 874;Descripción Tarea 874
Tarea 875;Descripción Tarea 875
Tarea 876;Descripción Tarea 876
Tarea 877;Descripción Tarea 877
Tarea 878;Descripción Tarea 878
Tarea 879;Descripción Tarea 879
Tarea 880;Descripción Tarea 880
Tarea 881;Descripción Tarea 881
Tarea 882;Descripción Tarea 882
Tarea 883;Descripción Tarea 883
Tarea 884;Descripción Tarea 884
Tarea 885;Descripción Tarea 885
Tarea 886;Descripción Tarea 886
Tarea 887;Descripción Tarea 887
Tarea 888;Descripción Tarea 888
Tarea 889;Descripción Tarea 889
Tarea 890;Descripción Tarea 890
Tarea 891;Descripción Tarea 891
Tarea 892;Descripción Tarea 892
Tarea 893;Descripción Tarea 893
Tarea 894;Descripción Tarea 894
Tarea 895;Descripción Tarea 895
Tarea 896;Descripción Tarea 896
Tarea 897;Descripción Tarea 897
Tarea 898;Descripción Tarea 898
Tarea 899;Descripción Tarea 899
Tarea 900;Descripción Tarea 900
Tarea 901;Descripción Tarea 901
Tarea 902;Descripción Tarea 902
Tarea 903;Descripción Tarea 903
Tarea 904;Descripción Tarea 904
Tarea 905;Descripción Tarea 905
Tarea 906;Descripción Tarea 906
Tarea 907;Descripción Tarea 907
Tarea 908;Descripción Tarea 908
Tarea 909;Descripción Tarea 909
Tarea 910;Descripción Tarea 910
Tarea 911;Descripción Tarea 911
Tarea 912;Descripción Tarea 912
Tarea 913;Descripción Tarea 913
Tarea 914;Descripción Tarea 914
Tarea 915;Descripción Tarea 915
Tarea 916;Descripción Tarea 916
Tarea 917;Descripción Tarea 917
Tarea 918;Descripción Tarea 918
Tarea 919;Descripción Tarea 919
Tarea 920;Descripción Tarea 920
Tarea 921;Descripción Tarea 921
Tarea 922;Descripción Tarea 922
Tarea 923;Descripción Tarea 923
Tarea 924;Descripción Tarea 924
Tarea 925;Descripción Tarea 925
Tarea 926;Descripción Tarea 926
Tarea 927;Descripción Tarea 927
Tarea 928;Descripción Tarea 928
Tarea 929;Descripción Tarea 929
Tarea 930;Descripción Tarea 930
Tarea 931;Descripción Tarea 931
Tarea 932;Descripción Tarea 932
Tarea 933;Descripción Tarea 933
Tarea 934;Descripción Tarea 934
Tarea 935;Descripción Tarea 935
Tarea 936;Descripción Tarea 936
Tarea 937;Descripción Tarea 937
Tarea 938;Descripción Tarea 938
Tarea 939;Descripción Tarea 939
Tarea 940;Descripción Tarea 940
Tarea 941;Descripción Tarea 941
Tarea 942;Descripción Tarea 942
Tarea 943;Descripción Tarea 943
Tarea 944;Descripción Tarea 944
Tarea 945;Descripción Tarea 945
Tarea 946;Descripción Tarea 946
Tarea 947;Descripción Tarea 947
Tarea 948;Descripción Tarea 948
Tarea 949;Descripción Tarea 949
Tarea 950;Descripción Tarea 950
Tarea 951;Descripción Tarea 951
Tarea 952;Descripción Tarea 952
Tarea 953;Descripción Tarea 953
Tarea 954;Descripción Tarea 954
Tarea 955;Descripción Tarea 955
Tarea 956;Descripción Tarea 956
Tarea 957;Descripción Tarea 957
Tarea 958;Descripción Tarea 958
Tarea 959;Descripción Tarea 959
Tarea 960;Descripción Tarea 960
Tarea 961;Descripción Tarea 961
Tarea 962;Descripción Tarea 962
Tarea 963;Descripción Tarea 963
Tarea 964;Descripción Tarea 964
Tarea 965;Descripción Tarea 965
Tarea 966;Descripción Tarea 966
Tarea 967;Descripción Tarea 967
Tarea 968;Descripción Tarea 968
Tarea 969;Descripción Tarea 969
Tarea 970;Descripción Tarea 970
Tarea 971;Descripción Tarea 971
Tarea 972;Descripción Tarea 972
Tarea 973;Descripción Tarea 973
Tarea 974;Descripción Tarea 974
Tarea 975;Descripción Tarea 975
Tarea 976;Descripción Tarea 976
Tarea 977;Descripción Tarea 977
Tarea 978;Descripción Tarea 978
Tarea 979;Descripción Tarea 979
Tarea 980;Descripción Tarea 980
Tarea 981;Descripción Tarea 981
Tarea 982;Descripción Tarea 982
Tarea 983;Descripción Tarea 983
Tarea 984;Descripción Tarea 984
Tarea 985;Descripción Tarea 985
Tarea 986;Descripción Tarea 986
Tarea 987;Descripción Tarea 987
Tarea 988;Descripción Tarea 988
Tarea 989;Descripción Tarea 989
Tarea 990;Descripción Tarea 990
Tarea 991;Descripción Tarea 991
Tarea 992;Descripción Tarea 992
Tarea 993;Descripción Tarea 993
Tarea 994;Descripción Tarea 994
Tarea 995;Descripción Tarea 995
Tarea 996;Descripción Tarea 996
Tarea 997;Descripción Tarea 997
Tarea 998;Descripción Tarea 998
Tarea 999;Descripción Tarea 999
Tarea 1000;Descripción Tarea 1000
